iso3,year,type,id
ABW,2026,REG,1525
AFG,2026,HNRP,1502
ARG,2026,REG,1525
BFA,2026,HNRP,1499
BGD,2026,REG,1524
BOL,2026,REG,1525
BRA,2026,REG,1525
CAF,2026,HNRP,1507
CAF,2026,REG,1523
CHL,2026,REG,1525
CMR,2026,HNRP,1498
COD,2026,HNRP,1509
COL,2026,HNRP,1500
COL,2026,REG,1525
CRI,2026,REG,1525
CUB,2026,Other,1601
CUW,2026,REG,1525
DJI,2026,REG,1527
DOM,2026,REG,1525
ECU,2026,REG,1525
EGY,2026,REG,1523
ETH,2026,REG,1523
ETH,2026,REG,1527
GUY,2026,REG,1525
HND,2026,FA,1670
HTI,2026,HNRP,1503
IRN,2026,REG,1603
JOR,2026,REG,1528
KEN,2026,REG,1527
LBN,2026,FA,1568
LBN,2026,REG,1528
LBY,2026,REG,1523
LKA,2026,Other,1565
MDG,2026,FA,1567
MEX,2026,REG,1525
MLI,2026,HNRP,1511
MMR,2026,HNRP,1505
MOZ,2026,HNRP,1506
NER,2026,HNRP,1513
NGA,2026,HNRP,1508
NPL,2026,FA,1637
PAK,2026,Other,1532
PAN,2026,REG,1525
PER,2026,REG,1525
PRY,2026,REG,1525
PSE,2026,FA,1510
SDN,2026,HNRP,1514
SOM,2026,HNRP,1516
SOM,2026,REG,1527
SSD,2026,HNRP,1512
SSD,2026,REG,1523
SYR,2026,HNRP,1518
TCD,2026,HNRP,1501
TCD,2026,REG,1523
TTO,2026,REG,1525
TUR,2026,REG,1528
TZA,2026,REG,1527
UGA,2026,REG,1523
UGA,2026,REG,1526
UKR,2026,HNRP,1515
URY,2026,REG,1525
VEN,2026,HNRP,1517
VNM,2026,Other,1522
YEM,2026,HNRP,1520
ABW,2025,REG,1219
AFG,2025,HNRP,1263
AGO,2025,REG,1213
ARG,2025,REG,1219
BDI,2025,REG,1213
BFA,2025,HNRP,1259
BGD,2025,Other,1284
BGD,2025,REG,1212
BGR,2025,REG,1218
BOL,2025,REG,1219
BRA,2025,REG,1219
CAF,2025,HNRP,1256
CHL,2025,REG,1219
CMR,2025,HRP,1266
COD,2025,HNRP,1261
COG,2025,REG,1213
COL,2025,HNRP,1208
COL,2025,REG,1219
CRI,2025,REG,1219
CUB,2025,Other,1602
CUW,2025,REG,1219
CZE,2025,REG,1218
DJI,2025,REG,1214
DOM,2025,REG,1219
ECU,2025,REG,1219
EGY,2025,REG,1216
EGY,2025,REG,1217
EST,2025,REG,1218
ETH,2025,REG,1214
ETH,2025,REG,1215
ETH,2025,REG,1216
GTM,2025,HNRP,1269
GUY,2025,REG,1219
HND,2025,HNRP,1270
HTI,2025,HNRP,1257
HUN,2025,REG,1218
IRN,2025,REG,1211
JOR,2025,REG,1217
KEN,2025,REG,1214
KEN,2025,REG,1215
LBN,2025,FA,1286
LBN,2025,REG,1217
LBY,2025,REG,1216
LTU,2025,REG,1218
LVA,2025,REG,1218
MDA,2025,REG,1218
MEX,2025,REG,1219
MLI,2025,HNRP,1222
MMR,2025,HNRP,1275
MMR,2025,HNRP,1399
MOZ,2025,FA,1285
MOZ,2025,FA,1364
MOZ,2025,HNRP,1267
MWI,2025,FA,1281
NER,2025,HNRP,1264
NGA,2025,HNRP,1274
PAK,2025,Other,1431
PAK,2025,REG,1211
PAN,2025,REG,1219
PER,2025,REG,1219
PHL,2025,Other,1325
POL,2025,REG,1218
PRY,2025,REG,1219
PSE,2025,FA,1273
ROU,2025,REG,1218
RWA,2025,REG,1213
SDN,2025,HNRP,1220
SLV,2025,HNRP,1268
SOM,2025,HNRP,1221
SOM,2025,REG,1214
SSD,2025,HNRP,1223
SVK,2025,REG,1218
SYR,2025,FA,1276
TCD,2025,HNRP,1260
TTO,2025,REG,1219
TUR,2025,REG,1217
TZA,2025,REG,1213
TZA,2025,REG,1214
UGA,2025,REG,1213
UGA,2025,REG,1215
UGA,2025,REG,1216
UKR,2025,HNRP,1271
URY,2025,REG,1219
VEN,2025,HRP,1277
VNM,2025,Other,1283
VNM,2025,Other,1465
YEM,2025,HNRP,1262
ZMB,2025,FA,1278
ZMB,2025,REG,1213
ZWE,2025,FA,1280
ABW,2024,REG,1163
AFG,2024,HNRP,1185
AGO,2024,REG,1164
ARG,2024,REG,1163
BDI,2024,Other,1200
BDI,2024,REG,1164
BFA,2024,HRP,1179
BGD,2024,Other,1201
BGD,2024,REG,1162
BGR,2024,REG,1167
BOL,2024,REG,1163
BRA,2024,REG,1163
CAF,2024,HRP,1171
CAF,2024,REG,1170
CHL,2024,REG,1163
CMR,2024,HRP,1159
COD,2024,HRP,1187
COG,2024,REG,1164
COL,2024,HNRP,1181
COL,2024,REG,1163
CRI,2024,REG,1163
CUW,2024,REG,1163
CZE,2024,REG,1167
DJI,2024,REG,1165
DOM,2024,REG,1163
ECU,2024,REG,1163
EGY,2024,REG,1168
EGY,2024,REG,1170
EST,2024,REG,1167
ETH,2024,HRP,1195
ETH,2024,REG,1165
ETH,2024,REG,1169
ETH,2024,REG,1170
GRD,2024,FA,1202
GTM,2024,HRP,1173
GUY,2024,REG,1163
HND,2024,HNRP,1174
HTI,2024,HNRP,1178
HUN,2024,REG,1167
IRN,2024,REG,1166
IRQ,2024,REG,1168
JOR,2024,REG,1168
KEN,2024,REG,1165
KEN,2024,REG,1169
LBN,2024,FA,1210
LBN,2024,REG,1168
LBY,2024,FA,1196
LBY,2024,REG,1170
LTU,2024,REG,1167
LVA,2024,REG,1167
MDA,2024,REG,1167
MDG,2024,FA,1191
MEX,2024,REG,1163
MLI,2024,HNRP,1194
MMR,2024,HNRP,1160
MNG,2024,Other,1197
MOZ,2024,FA,1207
MOZ,2024,HNRP,1183
MWI,2024,FA,1206
NER,2024,HNRP,1189
NGA,2024,HRP,1190
NPL,2024,Other,1265
PAK,2024,REG,1166
PAN,2024,REG,1163
PER,2024,REG,1163
PHL,2024,Other,1324
POL,2024,REG,1167
PRY,2024,REG,1163
PSE,2024,FA,1156
ROU,2024,REG,1167
RWA,2024,REG,1164
SDN,2024,HNRP,1188
SLV,2024,HRP,1172
SOM,2024,HNRP,1180
SOM,2024,REG,1165
SSD,2024,HNRP,1157
SVK,2024,REG,1167
SYR,2024,HRP,1175
SYR,2024,Other,1282
TCD,2024,HNRP,1192
TTO,2024,REG,1163
TUR,2024,REG,1168
TZA,2024,REG,1164
TZA,2024,REG,1165
UGA,2024,REG,1164
UGA,2024,REG,1169
UGA,2024,REG,1170
UKR,2024,HNRP,1177
URY,2024,REG,1163
VCT,2024,FA,1204
VEN,2024,HRP,1158
VNM,2024,Other,1209
YEM,2024,HRP,1193
ZMB,2024,FA,1198
ZMB,2024,REG,1164
ZWE,2024,FA,1199
ABW,2023,REG,1129
AFG,2023,HRP,1117
AGO,2023,REG,1119
ARG,2023,REG,1129
BDI,2023,HRP,1148
BFA,2023,HRP,1112
BGD,2023,REG,1143
BGR,2023,REG,1127
BOL,2023,REG,1129
BRA,2023,REG,1129
CAF,2023,HRP,1130
CHL,2023,REG,1129
CMR,2023,HRP,1115
COD,2023,HRP,1113
COG,2023,REG,1119
COL,2023,HRP,1142
COL,2023,REG,1129
CRI,2023,REG,1129
CUW,2023,REG,1129
CZE,2023,REG,1127
DJI,2023,REG,1120
DOM,2023,REG,1129
ECU,2023,REG,1129
EGY,2023,REG,1126
EGY,2023,REG,1154
EST,2023,REG,1127
ETH,2023,HRP,1128
ETH,2023,REG,1120
ETH,2023,REG,1125
ETH,2023,REG,1154
GTM,2023,HRP,1139
GUY,2023,REG,1129
HND,2023,HRP,1144
HTI,2023,HRP,1121
HUN,2023,REG,1127
IRN,2023,REG,1118
IRQ,2023,REG,1126
JOR,2023,REG,1126
KEN,2023,FA,1137
KEN,2023,REG,1125
LBN,2023,Other,1134
LBN,2023,REG,1126
LBY,2023,FA,1184
LTU,2023,REG,1127
LVA,2023,REG,1127
MDA,2023,REG,1127
MDG,2023,FA,1136
MEX,2023,REG,1129
MLI,2023,HRP,1122
MMR,2023,HRP,1132
MNG,2023,Other,1152
MOZ,2023,HRP,1131
MOZ,2023,Other,1153
MWI,2023,FA,1151
NER,2023,HRP,1145
NGA,2023,HRP,1110
PAK,2023,Other,1140
PAK,2023,REG,1118
PAN,2023,REG,1129
PER,2023,REG,1129
POL,2023,REG,1127
PRY,2023,REG,1129
PSE,2023,FA,1186
PSE,2023,HRP,1109
ROU,2023,REG,1127
RWA,2023,REG,1119
SDN,2023,HRP,1123
SLV,2023,HRP,1138
SOM,2023,HRP,1133
SOM,2023,REG,1120
SSD,2023,HRP,1111
SVK,2023,REG,1127
SYR,2023,FA,1149
SYR,2023,HRP,1114
TCD,2023,HRP,1141
TJK,2023,REG,1118
TKM,2023,REG,1118
TTO,2023,REG,1129
TUR,2023,FA,1150
TUR,2023,REG,1126
TZA,2023,REG,1119
UGA,2023,REG,1119
UGA,2023,REG,1125
UKR,2023,HRP,1124
URY,2023,REG,1129
UZB,2023,REG,1118
VEN,2023,HRP,1135
YEM,2023,HRP,1116
ZMB,2023,REG,1119
ABW,2022,REG,1069
AFG,2022,HRP,1100
AGO,2022,REG,1092
ARG,2022,REG,1069
BDI,2022,HRP,1075
BFA,2022,HRP,1087
BGD,2022,REG,1082
BOL,2022,REG,1069
BRA,2022,REG,1069
CAF,2022,HRP,1064
CHL,2022,REG,1069
CMR,2022,HRP,1080
COD,2022,HRP,1093
COG,2022,REG,1092
COL,2022,HRP,1090
COL,2022,REG,1069
CRI,2022,REG,1069
CUB,2022,Other,1146
CUW,2022,REG,1069
DJI,2022,REG,1066
DOM,2022,REG,1069
ECU,2022,REG,1069
EGY,2022,REG,1072
ETH,2022,HRP,1079
ETH,2022,REG,1066
ETH,2022,REG,1071
GTM,2022,HRP,1085
GUY,2022,REG,1069
HND,2022,HRP,1086
HTI,2022,FA,1147
HTI,2022,HRP,1096
HUN,2022,REG,1103
IRN,2022,REG,1061
IRQ,2022,HRP,1083
IRQ,2022,REG,1072
JOR,2022,REG,1072
KEN,2022,FA,1105
KEN,2022,REG,1071
LBN,2022,Other,1099
LBN,2022,REG,1072
LBY,2022,HRP,1060
LKA,2022,Other,1107
MDA,2022,REG,1103
MDG,2022,FA,1067
MEX,2022,REG,1069
MLI,2022,HRP,1076
MMR,2022,HRP,1095
MOZ,2022,FA,1106
MOZ,2022,HRP,1094
MWI,2022,FA,1104
NER,2022,HRP,1078
NGA,2022,HRP,1062
PAK,2022,Other,1108
PAK,2022,REG,1061
PAN,2022,REG,1069
PER,2022,REG,1069
PHL,2022,Other,1101
POL,2022,REG,1103
PRY,2022,REG,1069
PSE,2022,HRP,1059
ROU,2022,REG,1103
RWA,2022,REG,1092
SDN,2022,HRP,1068
SLV,2022,HRP,1084
SOM,2022,HRP,1063
SOM,2022,REG,1066
SSD,2022,HRP,1098
SVK,2022,REG,1103
SYR,2022,HRP,1088
TCD,2022,HRP,1091
TJK,2022,REG,1061
TKM,2022,REG,1061
TTO,2022,REG,1069
TUR,2022,REG,1072
TZA,2022,REG,1092
UGA,2022,REG,1071
UGA,2022,REG,1092
UKR,2022,FA,1102
UKR,2022,HRP,1081
URY,2022,REG,1069
UZB,2022,REG,1061
VEN,2022,HRP,1097
YEM,2022,HRP,1077
YEM,2022,REG,1066
ZMB,2022,REG,1092
ABW,2021,REG,1021
AFG,2021,FA,1057
AFG,2021,HRP,1031
AGO,2021,REG,1018
ARG,2021,REG,1021
BDI,2021,HRP,1039
BDI,2021,REG,1018
BFA,2021,HRP,1037
BGD,2021,REG,1023
BOL,2021,REG,1021
BRA,2021,REG,1021
CAF,2021,HRP,1025
CHL,2021,REG,1021
CMR,2021,HRP,1030
COD,2021,HRP,1026
COG,2021,REG,1018
COL,2021,HRP,1016
COL,2021,REG,1021
CRI,2021,REG,1021
CUW,2021,REG,1021
DJI,2021,REG,1038
DOM,2021,REG,1021
ECU,2021,REG,1021
EGY,2021,REG,1020
ETH,2021,FA,1055
ETH,2021,HRP,1041
ETH,2021,REG,1019
ETH,2021,REG,1038
GTM,2021,HRP,1052
GUY,2021,REG,1021
HND,2021,FA,1045
HND,2021,HRP,1053
HTI,2021,FA,1056
HTI,2021,HRP,1043
IRQ,2021,HRP,1035
IRQ,2021,REG,1020
JOR,2021,REG,1020
KEN,2021,FA,1073
KEN,2021,REG,1019
LBN,2021,Other,1050
LBN,2021,REG,1020
LBY,2021,HRP,1027
MDG,2021,FA,1047
MEX,2021,REG,1021
MLI,2021,HRP,1036
MMR,2021,HRP,1046
MMR,2021,Other,1051
MOZ,2021,HRP,1040
NER,2021,HRP,1033
NGA,2021,HRP,1032
NPL,2021,Other,1048
PAK,2021,HRP,1034
PAN,2021,REG,1021
PER,2021,REG,1021
PRY,2021,REG,1021
PSE,2021,FA,1049
PSE,2021,HRP,1012
RWA,2021,REG,1017
RWA,2021,REG,1018
SDN,2021,HRP,1014
SLV,2021,HRP,1054
SOM,2021,HRP,1011
SOM,2021,REG,1038
SSD,2021,HRP,1013
SYR,2021,HRP,1044
TCD,2021,HRP,1028
TTO,2021,REG,1021
TUR,2021,REG,1020
TZA,2021,REG,1017
TZA,2021,REG,1018
UGA,2021,REG,1017
UGA,2021,REG,1018
UGA,2021,REG,1019
UKR,2021,HRP,1015
URY,2021,REG,1021
VEN,2021,HRP,1029
YEM,2021,HRP,1024
YEM,2021,REG,1038
ZMB,2021,REG,1018
ZWE,2021,HRP,1042
ABW,2020,Other,952
ABW,2020,REG,944
AFG,2020,HRP,929
AFG,2020,Other,1006
AFG,2020,Other,1007
AFG,2020,Other,952
AGO,2020,Other,1006
AGO,2020,Other,1007
AGO,2020,Other,952
AGO,2020,REG,946
ARG,2020,Other,952
ARG,2020,REG,944
BDI,2020,HRP,922
BDI,2020,Other,1006
BDI,2020,Other,1007
BDI,2020,Other,952
BEN,2020,Other,1006
BEN,2020,Other,1007
BEN,2020,Other,986
BFA,2020,HRP,930
BFA,2020,Other,1006
BFA,2020,Other,1007
BFA,2020,Other,952
BGD,2020,Other,1006
BGD,2020,Other,1007
BGD,2020,Other,952
BGD,2020,Other,998
BGD,2020,REG,906
BOL,2020,Other,952
BOL,2020,REG,944
BRA,2020,Other,952
BRA,2020,REG,944
CAF,2020,HRP,923
CAF,2020,Other,1006
CAF,2020,Other,1007
CAF,2020,Other,952
CHL,2020,Other,952
CHL,2020,REG,944
CMR,2020,HRP,927
CMR,2020,Other,1006
CMR,2020,Other,1007
CMR,2020,Other,952
COD,2020,HRP,919
COD,2020,Other,1006
COD,2020,Other,1007
COD,2020,Other,952
COG,2020,Other,1005
COG,2020,Other,952
COG,2020,REG,946
COL,2020,HRP,950
COL,2020,Other,1006
COL,2020,Other,1007
COL,2020,Other,952
COL,2020,Other,985
COL,2020,REG,944
CRI,2020,Other,952
CRI,2020,REG,944
CUW,2020,Other,952
CUW,2020,REG,944
DJI,2020,FA,939
DJI,2020,Other,1003
DJI,2020,Other,1006
DJI,2020,Other,1007
DJI,2020,Other,952
DJI,2020,REG,1008
DOM,2020,Other,952
DOM,2020,REG,944
ECU,2020,Other,1006
ECU,2020,Other,1007
ECU,2020,Other,952
ECU,2020,Other,999
ECU,2020,REG,944
EGY,2020,Other,1006
EGY,2020,Other,1007
EGY,2020,Other,952
EGY,2020,REG,943
ETH,2020,HRP,936
ETH,2020,Other,1006
ETH,2020,Other,1007
ETH,2020,Other,952
ETH,2020,REG,1008
ETH,2020,REG,947
GUY,2020,Other,952
GUY,2020,REG,944
HTI,2020,HRP,920
HTI,2020,Other,1006
HTI,2020,Other,1007
HTI,2020,Other,952
IRN,2020,Other,1006
IRN,2020,Other,1007
IRN,2020,Other,952
IRN,2020,Other,987
IRQ,2020,HRP,866
IRQ,2020,Other,1006
IRQ,2020,Other,1007
IRQ,2020,Other,952
IRQ,2020,REG,943
JOR,2020,Other,1006
JOR,2020,Other,1007
JOR,2020,Other,1010
JOR,2020,Other,952
JOR,2020,REG,943
KEN,2020,Other,1000
KEN,2020,Other,1006
KEN,2020,Other,1007
KEN,2020,Other,952
KEN,2020,REG,947
LBN,2020,FA,1009
LBN,2020,Other,1006
LBN,2020,Other,1007
LBN,2020,Other,952
LBN,2020,Other,988
LBN,2020,REG,943
LBR,2020,Other,1006
LBR,2020,Other,1007
LBR,2020,Other,989
LBY,2020,HRP,931
LBY,2020,Other,1006
LBY,2020,Other,1007
LBY,2020,Other,952
LSO,2020,FA,948
LSO,2020,Other,1006
LSO,2020,Other,1007
MEX,2020,Other,952
MEX,2020,REG,944
MLI,2020,HRP,913
MLI,2020,Other,1006
MLI,2020,Other,1007
MLI,2020,Other,952
MMR,2020,HRP,934
MMR,2020,Other,1006
MMR,2020,Other,1007
MMR,2020,Other,952
MOZ,2020,Other,1006
MOZ,2020,Other,1007
MOZ,2020,Other,990
MOZ,2020,Other,997
NER,2020,HRP,908
NER,2020,Other,1006
NER,2020,Other,1007
NER,2020,Other,952
NGA,2020,HRP,869
NGA,2020,Other,1006
NGA,2020,Other,1007
NGA,2020,Other,952
PAK,2020,Other,1006
PAK,2020,Other,1007
PAK,2020,Other,991
PAN,2020,Other,952
PAN,2020,REG,944
PER,2020,Other,952
PER,2020,REG,944
PHL,2020,Other,1006
PHL,2020,Other,1007
PHL,2020,Other,992
PRK,2020,Other,1006
PRK,2020,Other,1007
PRK,2020,Other,935
PRK,2020,Other,952
PRK,2020,Other,995
PRY,2020,Other,952
PRY,2020,REG,944
PSE,2020,HRP,832
PSE,2020,Other,1006
PSE,2020,Other,1007
PSE,2020,Other,952
RWA,2020,Other,1006
RWA,2020,Other,1007
RWA,2020,Other,952
RWA,2020,REG,945
RWA,2020,REG,946
SDN,2020,HRP,870
SDN,2020,Other,1006
SDN,2020,Other,1007
SDN,2020,Other,952
SLE,2020,Other,1006
SLE,2020,Other,1007
SLE,2020,Other,993
SOM,2020,HRP,831
SOM,2020,Other,1006
SOM,2020,Other,1007
SOM,2020,Other,952
SOM,2020,REG,1008
SSD,2020,HRP,865
SSD,2020,Other,1006
SSD,2020,Other,1007
SSD,2020,Other,952
SYR,2020,HRP,924
SYR,2020,Other,1006
SYR,2020,Other,1007
SYR,2020,Other,952
TCD,2020,HRP,907
TCD,2020,Other,1006
TCD,2020,Other,1007
TCD,2020,Other,952
TGO,2020,Other,1006
TGO,2020,Other,1007
TGO,2020,Other,994
TTO,2020,Other,952
TTO,2020,REG,944
TUR,2020,Other,1006
TUR,2020,Other,1007
TUR,2020,Other,952
TUR,2020,REG,943
TZA,2020,Other,1001
TZA,2020,Other,1006
TZA,2020,Other,1007
TZA,2020,Other,952
TZA,2020,REG,945
TZA,2020,REG,946
UGA,2020,Other,1004
UGA,2020,Other,1006
UGA,2020,Other,1007
UGA,2020,Other,952
UGA,2020,REG,945
UGA,2020,REG,946
UGA,2020,REG,947
UKR,2020,HRP,830
UKR,2020,Other,1006
UKR,2020,Other,1007
UKR,2020,Other,952
URY,2020,Other,952
URY,2020,REG,944
VEN,2020,HRP,928
VEN,2020,Other,1006
VEN,2020,Other,1007
VEN,2020,Other,952
YEM,2020,HRP,925
YEM,2020,Other,1006
YEM,2020,Other,1007
YEM,2020,Other,952
YEM,2020,REG,1008
ZMB,2020,Other,1002
ZMB,2020,Other,1006
ZMB,2020,Other,1007
ZMB,2020,Other,937
ZMB,2020,Other,952
ZMB,2020,REG,946
ZWE,2020,HRP,921
ZWE,2020,Other,1006
ZWE,2020,Other,1007
ABW,2019,REG,726
AFG,2019,HRP,672
ARG,2019,REG,726
BDI,2019,HRP,721
BFA,2019,Other,794
BGD,2019,REG,719
BRA,2019,REG,726
CAF,2019,HRP,674
CHL,2019,REG,726
CMR,2019,HRP,718
COD,2019,HRP,673
COL,2019,REG,726
CRI,2019,REG,726
CUW,2019,REG,726
DOM,2019,REG,726
ECU,2019,REG,726
EGY,2019,REG,724
ETH,2019,HRP,677
GUY,2019,REG,726
HTI,2019,HRP,679
IRN,2019,Other,829
IRQ,2019,HRP,671
IRQ,2019,REG,724
JOR,2019,REG,724
LBN,2019,REG,724
LBY,2019,HRP,712
MDG,2019,FA,727
MEX,2019,REG,726
MLI,2019,HRP,716
MMR,2019,HRP,678
MOZ,2019,HRP,761
NER,2019,HRP,676
NGA,2019,HRP,714
PAK,2019,Other,720
PAN,2019,REG,726
PER,2019,REG,726
PRK,2019,Other,717
PRY,2019,REG,726
PSE,2019,HRP,664
SDN,2019,HRP,670
SOM,2019,HRP,667
SSD,2019,HRP,713
SYR,2019,HRP,663
TCD,2019,HRP,668
TTO,2019,REG,726
TUR,2019,REG,724
UKR,2019,HRP,662
URY,2019,REG,726
VEN,2019,HRP,827
YEM,2019,HRP,675
ZWE,2019,FA,722
AFG,2018,HRP,645
BDI,2018,HRP,639
BFA,2018,Other,653
BGD,2018,REG,656
CAF,2018,HRP,651
CMR,2018,HRP,640
COD,2018,HRP,652
EGY,2018,REG,658
ETH,2018,HRP,660
HTI,2018,HRP,649
IDN,2018,Other,669
IRQ,2018,HRP,634
IRQ,2018,REG,658
JOR,2018,REG,658
LBN,2018,REG,658
LBY,2018,HRP,636
MLI,2018,HRP,638
MMR,2018,HRP,655
MRT,2018,Other,661
NER,2018,HRP,643
NGA,2018,HRP,642
PAK,2018,Other,648
PHL,2018,Other,665
PRK,2018,Other,659
PSE,2018,HRP,633
SDN,2018,HRP,635
SEN,2018,Other,654
SOM,2018,HRP,644
SSD,2018,HRP,646
SYR,2018,HRP,629
TCD,2018,HRP,637
TUR,2018,REG,658
UKR,2018,HRP,641
YEM,2018,HRP,657
AFG,2017,HRP,544
AIA,2017,REG,630
ATG,2017,REG,630
BDI,2017,HRP,541
BFA,2017,HRP,548
BGD,2017,REG,628
BHS,2017,REG,630
BLM,2017,REG,630
CAF,2017,HRP,549
CMR,2017,HRP,537
COD,2017,HRP,587
COG,2017,HRP,626
CUB,2017,Other,631
DJI,2017,HRP,539
DMA,2017,FA,632
EGY,2017,REG,552
ETH,2017,HRP,588
HTI,2017,HRP,543
IRQ,2017,HRP,550
IRQ,2017,REG,552
JOR,2017,REG,552
KEN,2017,FA,589
KNA,2017,REG,630
LBN,2017,REG,552
LBY,2017,HRP,533
MAF,2017,REG,630
MDG,2017,FA,590
MLI,2017,HRP,535
MMR,2017,HRP,545
MOZ,2017,FA,586
MRT,2017,HRP,547
NER,2017,HRP,530
NGA,2017,HRP,536
PAK,2017,Other,540
PER,2017,FA,593
PRK,2017,Other,592
PSE,2017,HRP,529
SDN,2017,HRP,584
SEN,2017,HRP,546
SOM,2017,HRP,528
SSD,2017,HRP,538
SXM,2017,REG,630
SYR,2017,HRP,526
TCA,2017,REG,630
TCD,2017,HRP,532
TUR,2017,REG,552
UKR,2017,HRP,531
VGB,2017,REG,630
YEM,2017,HRP,542
AFG,2016,FA,525
AFG,2016,HRP,512
BDI,2016,HRP,518
BFA,2016,HRP,488
BFA,2016,REG,497
CAF,2016,HRP,517
CMR,2016,HRP,490
CMR,2016,REG,497
COD,2016,HRP,511
DJI,2016,HRP,503
ECU,2016,FA,522
EGY,2016,REG,514
FJI,2016,FA,516
GMB,2016,HRP,492
GMB,2016,REG,497
GRC,2016,REG,534
GTM,2016,HRP,509
HND,2016,HRP,510
HRV,2016,REG,534
HTI,2016,FA,527
HTI,2016,HRP,506
IRQ,2016,FA,523
IRQ,2016,HRP,500
IRQ,2016,REG,514
JOR,2016,REG,514
LBN,2016,REG,514
LBY,2016,FA,524
LBY,2016,HRP,487
MKD,2016,REG,534
MLI,2016,HRP,493
MLI,2016,REG,497
MMR,2016,HRP,515
MRT,2016,HRP,494
MRT,2016,REG,497
NER,2016,HRP,495
NER,2016,REG,497
NGA,2016,HRP,496
NGA,2016,REG,497
PRK,2016,Other,521
PSE,2016,HRP,504
SDN,2016,HRP,520
SEN,2016,HRP,498
SEN,2016,REG,497
SOM,2016,HRP,505
SRB,2016,REG,534
SSD,2016,HRP,502
SVN,2016,REG,534
SYR,2016,HRP,501
TCD,2016,HRP,491
TCD,2016,REG,497
TUR,2016,REG,514
TUR,2016,REG,534
UKR,2016,HRP,507
YEM,2016,HRP,513
ZWE,2016,HRP,519
AFG,2015,SRP,462
BFA,2015,REG,474
BFA,2015,SRP,465
CAF,2015,SRP,463
CMR,2015,REG,474
CMR,2015,SRP,466
COD,2015,SRP,457
DJI,2015,SRP,482
EGY,2015,REG,480
ETH,2015,REG,481
GMB,2015,REG,474
GMB,2015,SRP,468
GTM,2015,FA,478
HND,2015,FA,479
HTI,2015,FA,489
IRQ,2015,REG,480
IRQ,2015,SRP,484
JOR,2015,REG,480
KEN,2015,REG,481
LBN,2015,REG,480
LBY,2015,FA,454
MLI,2015,REG,474
MLI,2015,SRP,469
MMR,2015,SRP,458
MRT,2015,REG,474
MRT,2015,SRP,470
NER,2015,REG,474
NER,2015,SRP,471
NGA,2015,REG,474
NGA,2015,SRP,472
NPL,2015,FA,486
PRK,2015,Other,485
PSE,2015,SRP,459
SDN,2015,SRP,460
SEN,2015,REG,474
SEN,2015,SRP,473
SOM,2015,SRP,456
SSD,2015,SRP,455
SYR,2015,SRP,461
TCD,2015,REG,474
TCD,2015,SRP,467
TUR,2015,REG,480
UGA,2015,REG,481
UKR,2015,SRP,464
VUT,2015,FA,483
YEM,2015,SRP,477
AFG,2014,SRP,426
BFA,2014,REG,448
BFA,2014,SRP,439
CAF,2014,SRP,429
CMR,2014,REG,448
CMR,2014,SRP,446
COD,2014,SRP,427
COG,2014,Other,450
DJI,2014,SRP,431
EGY,2014,REG,443
ETH,2014,REG,451
GIN,2014,REG,453
GMB,2014,REG,448
GMB,2014,SRP,444
HTI,2014,SRP,432
IRQ,2014,REG,443
IRQ,2014,SRP,405
JOR,2014,REG,443
KEN,2014,REG,451
LBN,2014,REG,443
LBR,2014,REG,453
MLI,2014,REG,448
MLI,2014,SRP,433
MMR,2014,SRP,449
MRT,2014,REG,448
MRT,2014,SRP,434
NER,2014,REG,448
NER,2014,SRP,428
NGA,2014,REG,448
NGA,2014,SRP,447
PHL,2014,FA,440
PHL,2014,FA,452
PHL,2014,SRP,441
PSE,2014,SRP,435
SDN,2014,REG,451
SDN,2014,SRP,437
SEN,2014,REG,448
SEN,2014,SRP,445
SLE,2014,REG,453
SOM,2014,SRP,436
SSD,2014,SRP,425
SYR,2014,SRP,442
TCD,2014,REG,448
TCD,2014,SRP,430
TUR,2014,REG,443
UGA,2014,REG,451
UKR,2014,FA,475
YEM,2014,SRP,438
AFG,2013,CAP,399
BFA,2013,CAP,400
CAF,2013,CAP,401
COD,2013,CAP,403
CUB,2013,Other,419
DJI,2013,CAP,404
EGY,2013,REG,423
HTI,2013,CAP,422
IRQ,2013,REG,423
JOR,2013,REG,423
KEN,2013,CAP,406
LBN,2013,REG,423
MLI,2013,CAP,407
MMR,2013,Other,420
MMR,2013,Other,424
MRT,2013,CAP,408
NER,2013,CAP,409
PHL,2013,CAP,410
PSE,2013,CAP,398
SDN,2013,CAP,413
SOM,2013,CAP,412
SSD,2013,CAP,411
SYR,2013,CAP,421
TCD,2013,CAP,402
TUR,2013,REG,423
YEM,2013,CAP,414
ZWE,2013,Other,415
AFG,2012,CAP,370
BFA,2012,CAP,393
CAF,2012,CAP,372
CIV,2012,CAP,380
COD,2012,CAP,381
DJI,2012,CAP,386
HTI,2012,CAP,385
KEN,2012,CAP,373
LBR,2012,CAP,384
LKA,2012,Other,389
LSO,2012,FA,416
MLI,2012,CAP,395
MRT,2012,CAP,392
NER,2012,CAP,379
PAK,2012,Other,391
PHL,2012,CAP,382
PRK,2012,Other,397
PSE,2012,CAP,374
SDN,2012,CAP,377
SOM,2012,CAP,375
SSD,2012,CAP,376
SYR,2012,CAP,396
TCD,2012,CAP,371
YEM,2012,CAP,378
ZWE,2012,CAP,383
AFG,2011,CAP,354
CAF,2011,CAP,361
CIV,2011,REG,352
COD,2011,CAP,358
DJI,2011,CAP,349
EGY,2011,REG,365
HTI,2011,CAP,362
KEN,2011,CAP,353
LBR,2011,REG,352
LBY,2011,REG,365
LKA,2011,FA,364
LKA,2011,Other,360
NAM,2011,FA,366
NER,2011,CAP,359
NER,2011,REG,365
NIC,2011,FA,390
PAK,2011,FA,387
PHL,2011,Other,346
PRK,2011,Other,369
PSE,2011,CAP,348
SDN,2011,CAP,350
SLV,2011,FA,388
SOM,2011,CAP,363
SSD,2011,CAP,367
TCD,2011,CAP,357
TUN,2011,REG,365
YEM,2011,CAP,355
ZWE,2011,CAP,356
AFG,2010,CAP,325
BEN,2010,REG,323
BFA,2010,Other,351
BFA,2010,REG,323
CAF,2010,CAP,318
CIV,2010,REG,323
COD,2010,CAP,324
COG,2010,CAP,339
GHA,2010,REG,323
GIN,2010,REG,323
GNB,2010,REG,323
GTM,2010,CAP,338
GTM,2010,FA,343
HTI,2010,FA,337
IRQ,2010,CAP,341
IRQ,2010,REG,329
JOR,2010,REG,329
KEN,2010,CAP,326
KGZ,2010,FA,344
LBN,2010,REG,329
LBR,2010,REG,323
LKA,2010,CAP,328
MLI,2010,REG,323
MNG,2010,CAP,340
MRT,2010,REG,323
NER,2010,REG,323
NGA,2010,REG,323
NPL,2010,Other,327
PAK,2010,CAP,330
PAK,2010,FA,347
PSE,2010,CAP,316
SDN,2010,CAP,321
SEN,2010,REG,323
SLE,2010,REG,323
SLV,2010,FA,335
SOM,2010,CAP,320
SYR,2010,REG,329
TCD,2010,CAP,315
TGO,2010,REG,323
UGA,2010,CAP,319
YEM,2010,CAP,314
ZWE,2010,CAP,322
AFG,2009,CAP,307
BEN,2009,REG,293
BFA,2009,FA,331
BFA,2009,REG,293
CAF,2009,CAP,289
CIV,2009,CAP,303
CIV,2009,REG,293
COD,2009,CAP,309
GHA,2009,REG,293
GIN,2009,REG,293
GNB,2009,REG,293
IDN,2009,FA,333
IRQ,2009,REG,291
KEN,2009,CAP,302
LAO,2009,FA,334
LBR,2009,REG,293
LKA,2009,CAP,297
MDG,2009,FA,311
MLI,2009,REG,293
MRT,2009,REG,293
NAM,2009,FA,310
NER,2009,REG,293
NPL,2009,Other,292
PAK,2009,CAP,285
PHL,2009,FA,332
PSE,2009,CAP,290
SDN,2009,CAP,288
SEN,2009,REG,293
SLE,2009,REG,293
SOM,2009,CAP,296
SYR,2009,Other,313
TCD,2009,CAP,294
TGO,2009,REG,293
TJK,2009,Other,298
TJK,2009,Other,312
UGA,2009,CAP,287
YEM,2009,FA,317
ZWE,2009,CAP,295
AFG,2008,Other,272
AFG,2008,Other,283
BEN,2008,REG,259
BFA,2008,REG,259
BOL,2008,FA,277
CAF,2008,CAP,266
CIV,2008,CAP,262
COD,2008,CAP,268
CUB,2008,Other,305
DJI,2008,Other,282
GEO,2008,FA,284
GHA,2008,REG,259
GIN,2008,REG,259
GMB,2008,REG,259
GNB,2008,REG,259
HND,2008,FA,304
HTI,2008,FA,286
IRQ,2008,CAP,273
KEN,2008,FA,271
KGZ,2008,FA,308
LAO,2008,Other,301
LBR,2008,Other,279
LBR,2008,REG,259
LKA,2008,Other,274
MDG,2008,FA,278
MLI,2008,REG,259
MMR,2008,FA,281
MOZ,2008,REG,275
MRT,2008,REG,259
NER,2008,REG,259
NPL,2008,Other,270
NPL,2008,Other,299
PSE,2008,CAP,261
SDN,2008,CAP,269
SEN,2008,REG,259
SLE,2008,REG,259
SOM,2008,CAP,263
SYR,2008,Other,300
TCD,2008,CAP,267
TGO,2008,REG,259
TJK,2008,FA,276
TLS,2008,Other,280
UGA,2008,CAP,264
YEM,2008,FA,306
ZWE,2008,CAP,260
BDI,2007,CAP,225
BDI,2007,REG,224
BEN,2007,REG,222
BFA,2007,FA,258
BFA,2007,REG,222
BOL,2007,FA,242
CAF,2007,CAP,226
CIV,2007,CAP,223
CIV,2007,REG,222
COD,2007,CAP,232
COG,2007,CAP,219
CPV,2007,REG,222
DOM,2007,FA,265
GHA,2007,FA,257
GHA,2007,REG,222
GIN,2007,REG,222
GNB,2007,REG,222
IRQ,2007,REG,256
LBN,2007,Other,246
LBR,2007,CAP,240
LBR,2007,REG,222
LKA,2007,CAP,238
LSO,2007,FA,250
MDG,2007,FA,244
MLI,2007,REG,222
MOZ,2007,FA,243
MRT,2007,REG,222
NER,2007,REG,222
NIC,2007,FA,254
NPL,2007,Other,241
PAK,2007,FA,248
PER,2007,FA,251
PRK,2007,FA,253
PSE,2007,CAP,228
RUS,2007,Other,231
RWA,2007,REG,224
SDN,2007,CAP,229
SDN,2007,FA,252
SEN,2007,REG,222
SLB,2007,Other,247
SLE,2007,REG,222
SOM,2007,CAP,221
SWZ,2007,FA,249
TCD,2007,CAP,227
TGO,2007,REG,222
TLS,2007,CAP,239
TZA,2007,REG,224
UGA,2007,CAP,230
UGA,2007,FA,255
ZMB,2007,FA,245
ZWE,2007,CAP,220
AFG,2006,Other,213
BDI,2006,CAP,195
BFA,2006,REG,190
CAF,2006,CAP,201
CIV,2006,CAP,192
COD,2006,CAP,206
COG,2006,CAP,193
DJI,2006,REG,208
ERI,2006,REG,208
ETH,2006,Other,209
ETH,2006,Other,216
ETH,2006,Other,233
GIN,2006,CAP,191
GNB,2006,FA,210
GNB,2006,REG,190
IDN,2006,FA,211
KEN,2006,FA,218
KEN,2006,FA,234
KEN,2006,REG,208
LBN,2006,FA,214
LBR,2006,CAP,200
LKA,2006,Other,215
MLI,2006,REG,190
MRT,2006,REG,190
NER,2006,REG,190
NPL,2006,CAP,187
PHL,2006,Other,236
PSE,2006,CAP,199
RUS,2006,Other,207
SDN,2006,CAP,205
SEN,2006,REG,190
SOM,2006,CAP,197
SOM,2006,FA,235
TCD,2006,CAP,204
TGO,2006,REG,190
TJK,2006,Other,217
TLS,2006,FA,212
UGA,2006,CAP,198
ZWE,2006,CAP,203
AGO,2005,FA,182
BDI,2005,CAP,172
BEN,2005,FA,184
CAF,2005,CAP,173
CIV,2005,CAP,162
COD,2005,CAP,163
COG,2005,CAP,174
DJI,2005,FA,183
ERI,2005,CAP,166
GIN,2005,CAP,171
GTM,2005,FA,188
GUY,2005,FA,181
MWI,2005,FA,186
NER,2005,FA,185
PSE,2005,CAP,168
RUS,2005,CAP,169
SDN,2005,Other,178
SLV,2005,Other,194
SOM,2005,CAP,165
TCD,2005,CAP,170
UGA,2005,CAP,167
AFG,2004,Other,176
AGO,2004,CAP,151
BDI,2004,CAP,142
BGD,2004,FA,158
BOL,2004,FA,177
CAF,2004,CAP,152
COD,2004,CAP,144
ERI,2004,CAP,148
GIN,2004,CAP,140
GRD,2004,FA,159
HTI,2004,FA,155
HTI,2004,FA,160
IDN,2004,CAP,139
IRN,2004,FA,153
KEN,2004,FA,157
LBR,2004,CAP,145
MDG,2004,FA,156
PHL,2004,FA,179
PRK,2004,CAP,136
PSE,2004,CAP,146
RUS,2004,CAP,134
SDN,2004,CAP,141
SLE,2004,CAP,138
SOM,2004,CAP,149
TCD,2004,CAP,154
TJK,2004,CAP,133
TZA,2004,CAP,135
UGA,2004,CAP,137
ZWE,2004,CAP,175
AFG,2003,Other,121
AGO,2003,CIAA,117
BDI,2003,CIAA,107
CAF,2003,FA,124
CIV,2003,REG,119
CIV,2003,REG,123
COD,2003,CIAA,113
COG,2003,Other,115
COL,2003,Other,120
ERI,2003,CIAA,110
GIN,2003,CIAA,116
HTI,2003,Other,125
IDN,2003,CIAA,108
IRQ,2003,FA,122
LBR,2003,CIAA,109
LSO,2003,CIAA,126
MOZ,2003,CIAA,129
MWI,2003,CIAA,127
PRK,2003,CIAA,102
PSE,2003,CIAA,118
RUS,2003,CIAA,114
SDN,2003,CIAA,112
SLE,2003,CIAA,105
SOM,2003,CIAA,111
SWZ,2003,CIAA,128
TJK,2003,CIAA,103
UGA,2003,CIAA,104
ZMB,2003,CIAA,130
ZWE,2003,CIAA,132
AFG,2002,CIAA,92
AGO,2002,CIAA,89
BDI,2002,CIAA,87
COD,2002,CIAA,88
COG,2002,Other,91
ERI,2002,CIAA,75
GIN,2002,CIAA,81
IDN,2002,CIAA,85
IDN,2002,Other,94
KEN,2002,Other,93
LBR,2002,CIAA,80
LKA,2002,Other,101
LSO,2002,CIAA,97
MWI,2002,CIAA,95
PRK,2002,CIAA,82
RUS,2002,CIAA,83
SDN,2002,CIAA,74
SLE,2002,CIAA,79
SOM,2002,CIAA,78
SWZ,2002,CIAA,96
TJK,2002,CIAA,76
UGA,2002,CIAA,77
ZMB,2002,CIAA,99
ZWE,2002,CIAA,98
AFG,2001,CIAA,70
AGO,2001,CIAA,34
BDI,2001,CIAA,39
COD,2001,CIAA,40
COG,2001,CIAA,42
DJI,2001,Other,72
ERI,2001,CIAA,55
ETH,2001,CIAA,54
IDN,2001,CIAA,47
KEN,2001,Other,71
PRK,2001,CIAA,36
RUS,2001,CIAA,37
SDN,2001,CIAA,46
SLE,2001,CIAA,38
SOM,2001,CIAA,53
TJK,2001,CIAA,45
TZA,2001,CIAA,43
TZA,2001,Other,73
UGA,2001,CIAA,44
AGO,2000,CIAA,49
BDI,2000,CIAA,50
COD,2000,CIAA,51
COG,2000,CIAA,57
IDN,2000,CIAA,66
IDN,2000,CIAA,68
PRK,2000,CIAA,64
RUS,2000,CIAA,62
SDN,2000,CIAA,60
SLE,2000,CIAA,58
SOM,2000,CIAA,59
TJK,2000,CIAA,63
TLS,2000,CIAA,65
TZA,2000,CIAA,69
UGA,2000,CIAA,61
