iso3,regional
ABW,ROLAC
AGO,ROSEA
AIA,ROLAC
ARE,ROMENA
ARG,ROLAC
ATG,ROLAC
BDI,ROSEA
BEN,ROWCA
BFA,ROWCA
BGD,ROAP
BHR,ROMENA
BHS,ROLAC
BLM,ROLAC
BLZ,ROLAC
BMU,ROLAC
BOL,ROLAC
BRA,ROLAC
BRB,ROLAC
BTN,ROAP
BWA,ROSEA
CAF,ROWCA
CHN,ROAP
CIV,ROWCA
CMR,ROWCA
COG,ROWCA
COL,ROLAC
CPV,ROWCA
CUB,ROLAC
CUW,ROLAC
CYM,ROLAC
DJI,ROSEA
DMA,ROLAC
DOM,ROLAC
DZA,ROMENA
ECU,ROLAC
EGY,ROMENA
ERI,ROSEA
ESH,ROMENA
ETH,ROSEA
FJI,ROAP
GAB,ROWCA
GHA,ROWCA
GIN,ROWCA
GLP,ROLAC
GMB,ROWCA
GNB,ROWCA
GNQ,ROWCA
GRD,ROLAC
GTM,ROLAC
GUF,ROLAC
GUY,ROLAC
HND,ROLAC
HTI,ROLAC
IDN,ROAP
IND,ROAP
IRN,ROMENA
IRQ,ROMENA
JAM,ROLAC
JPN,ROAP
KEN,ROSEA
KGZ,ROMENA
KHM,ROAP
KNA,ROLAC
KOR,ROAP
KWT,ROMENA
LAO,ROAP
LBR,ROWCA
LBY,ROMENA
LCA,ROLAC
LKA,ROAP
LSO,ROSEA
MAF,ROLAC
MAR,ROMENA
MDG,ROSEA
MDV,ROAP
MEX,ROLAC
MHL,ROAP
MLI,ROWCA
MMR,ROAP
MNG,ROAP
MOZ,ROSEA
MRT,ROWCA
MSR,ROLAC
MTQ,ROLAC
MUS,ROLAC
MWI,ROSEA
MYS,ROAP
NAM,ROSEA
NER,ROWCA
NGA,ROWCA
NLD,ROLAC
NPL,ROAP
OMN,ROMENA
PER,ROLAC
PHL,ROAP
PNG,ROAP
PRI,ROLAC
PRK,ROAP
QAT,ROMENA
RWA,ROSEA
SAU,ROMENA
SDN,ROSEA
SEN,ROWCA
SLB,ROAP
SLE,ROWCA
SLV,ROLAC
SOM,ROSEA
SSD,ROSEA
STP,ROWCA
SUR,ROLAC
SWZ,ROSEA
SXM,ROLAC
SYC,ROSEA
TCA,ROLAC
TCD,ROWCA
TGO,ROWCA
THA,ROAP
TJK,ROMENA
TLS,ROAP
TTO,ROLAC
TUN,ROMENA
TZA,ROSEA
UGA,ROSEA
UZB,ROMENA
VCT,ROLAC
VEN,ROLAC
VGB,ROLAC
VIR,ROLAC
VNM,ROAP
ZAF,ROSEA
ZMB,ROSEA
ZWE,ROSEA
