iso3,year,id,update_type,creation_date,status,planned_quarter,publication_date
AFG,2025,AFG_202510,major,2026-03-12,done,2026-Q2,2026-04-25
AFG,2026,AFG_202608,major,2026-09-17,in_progress,2026-Q4,
AGO,2025,AGO_202506,major,2025-06-03,blocked,2026-Q4,
ARE,2026,ARE_202609,major,2026-09-30,selected,2026-Q4,
BDI,2025,BDI_202510,major,2025-10-27,cancelled,,
BDI,2026,BDI_202607,major,2026-07-03,done,2026-Q3,
BFA,2025,BFA_202510,major,2025-09-30,done,2025-Q4,2025-12-26
BGD,2025,BGD_202503,major,2025-03-17,done,2025-Q3,2025-08-19
BHR,2026,BHR_202609,major,2026-09-30,selected,2026-Q4,
CAF,2025,CAF_202602,major,2026-02-23,done,2026-Q1,2026-04-01
CMR,2026,CMR_202609,major,2026-09-16,in_progress,2026-Q4,
COD,2025,COD_202512_dq,minor,2026-03-09,done,2026-Q2,2026-04-16
COD,2026,COD_202602_hnrp,major,2026-02-03,cancelled,,
COD,2026,COD_202608,major,2026-08-11,blocked,2026-Q4,
COL,2025,COL_202511,major,2025-10-28,backlog,2026-Q4,
CUB,2026,CUB_2026,,,backlog,,
DZA,2026,DZA_202609,major,2026-09-30,selected,2026-Q4,
EGY,2026,EGY_202609,major,2026-09-30,selected,2026-Q4,
ERI,2026,ERI_2026,,,backlog,,
ETH,2025,ETH_202601,major,2026-01-29,done,2026-Q1,2026-04-09
GAB,2026,GAB_202604,major,2026-04-23,done,2026-Q3,
GIN,2025,GIN_2025,,,backlog,,
GNB,2025,GNB_2025,,,backlog,,
HTI,2025,HTI_202511,major,2025-10-28,cancelled,,
IDN,2026,IDN_202605_admin4,minor,2026-05-13,done,2026-Q2,2026-05-25
IRN,2026,IRN_202609,major,2026-09-30,selected,2026-Q4,
IRQ,2026,IRQ_202609,major,2026-09-30,selected,2026-Q4,
JAM,2025,JAM_202511,major,2025-11-06,backlog,2026-Q4,
JOR,2026,JOR_2026,,,backlog,,
JPN,2025,JPN_2025,,,backlog,,
KEN,2025,KEN_2025,,,backlog,,
KHM,2025,KHM_2025,,,backlog,,
KWT,2026,KWT_202609,major,2026-09-30,selected,2026-Q4,
LBY,2026,LBY_202609,major,2026-09-30,selected,2026-Q4,
MAR,2026,MAR_202609,major,2026-09-30,selected,2026-Q4,
MDG,2025,MDG_202605,major,2026-05-04,done,2026-Q3,
MDG,2026,MDG_2026,,,backlog,,
MLI,2025,MLI_202509,major,2025-09-29,done,2026-Q1,2026-03-04
MOZ,2025,MOZ_202512,major,2026-04-10,done,2026-Q2,2026-06-23
NGA,2026,NGA_202604,minor,2026-04-06,done,2026-Q2,2026-04-16
OMN,2026,OMN_202609,major,2026-09-30,selected,2026-Q4,
PAK,2025,PAK_202609,major,2026-09-30,backlog,2026-Q4,
PHL,2025,PHL_2025,,,backlog,,
PHL,2026,PHL_202605_admin4,minor,2026-05-13,done,2026-Q2,2026-05-28
PRY,2026,PRY_202608,major,2026-08-06,done,2026-Q3,
QAT,2026,QAT_202605_admin3,minor,2026-05-20,done,2026-Q3,
QAT,2026,QAT_202609,minor,2026-09-30,selected,2026-Q4,
SAU,2026,SAU_202609,major,2026-09-30,selected,2026-Q4,
SLV,2026,SLV_202608,major,2026-08-26,backlog,2026-Q4,
SSD,2025,SSD_202510,major,2025-10-27,blocked,2026-Q4,
STP,2026,STP_202604,major,2026-04-23,done,2026-Q2,2026-06-23
SYC,2025,SYC_2025,,,backlog,,
SYR,2026,SYR_2026,,,backlog,,
TUN,2026,TUN_202609,major,2026-09-30,selected,2026-Q4,
TUR,2026,TUR_202609,major,2026-09-30,selected,2026-Q4,
UGA,2026,UGA_202609,minor,2026-09-16,done,2026-Q3,
UKR,2025,UKR_202511,major,2025-10-28,done,2026-Q1,2026-02-20
UKR,2026,UKR_2026,,,backlog,,
VEN,2025,VEN_202601,minor,2026-01-01,done,2026-Q3,
VNM,2025,VNM_202509,major,2025-09-24,done,2025-Q4,2025-10-27
YEM,2025,YEM_202512_dq,major,2025-12-12,backlog,2026-Q4,
